,Target,OBC,Local Var,,,,,,,,,,,,,,
,PacketID,0x75,,,,,,,,,,,,,,,
,Enable/Disable,ENABLE,,,,,,,,,,,,,,,
,IsRestricted,FALSE,,,,,,,,,,,,,,,
,,,,,,,,,,,,,,,,,
Comment,TLM Entry,Onboard Software Info.,,Extraction Info.,,,,Conversion Info.,,,,,,,,Description,Note
,Name,Var.##Type,Variable or Function Name,Ext.##Type,Pos. Desiginator,,,Conv.##Type,Poly (Î£a_i * x^i),,,,,,Status,,
,,,,,Octet##Pos.,bit##Pos.,bit##Len.,,a0,a1,a2,a3,a4,a5,,,
,PH.VER,uint16_t,,PACKET,0,0,3,NONE,,,,,,,,,
,PH.TYPE,||,,PACKET,=R[-1]C+INT((R[-1]C[1]+R[-1]C[2])/8),=MOD((R[-1]C+R[-1]C[1])@@8),1,NONE,,,,,,,,,
,PH.SH_FLAG,||,,PACKET,=R[-1]C+INT((R[-1]C[1]+R[-1]C[2])/8),=MOD((R[-1]C+R[-1]C[1])@@8),1,NONE,,,,,,,,,
,PH.APID,||,,PACKET,=R[-1]C+INT((R[-1]C[1]+R[-1]C[2])/8),=MOD((R[-1]C+R[-1]C[1])@@8),11,NONE,,,,,,,,,
,PH.SEQ_FLAG,uint16_t,,PACKET,=R[-1]C+INT((R[-1]C[1]+R[-1]C[2])/8),=MOD((R[-1]C+R[-1]C[1])@@8),2,NONE,,,,,,,,,
,PH.SEQ_COUNT,||,,PACKET,=R[-1]C+INT((R[-1]C[1]+R[-1]C[2])/8),=MOD((R[-1]C+R[-1]C[1])@@8),14,NONE,,,,,,,,,
,PH.PACKET_LEN,uint16_t,,PACKET,=R[-1]C+INT((R[-1]C[1]+R[-1]C[2])/8),=MOD((R[-1]C+R[-1]C[1])@@8),=IF(OR(EXACT(RC[-5]@@"uint8_t")@@EXACT(RC[-5]@@"int8_t"))@@8@@IF(OR(EXACT(RC[-5]@@"uint16_t")@@EXACT(RC[-5]@@"int16_t"))@@16@@IF(OR(EXACT(RC[-5]@@"uint32_t")@@EXACT(RC[-5]@@"int32_t")@@EXACT(RC[-5]@@"float"))@@32@@IF(EXACT(RC[-5]@@"double")@@64)))),NONE,,,,,,,,,
,SH.VER,uint8_t,,PACKET,=R[-1]C+INT((R[-1]C[1]+R[-1]C[2])/8),=MOD((R[-1]C+R[-1]C[1])@@8),=IF(OR(EXACT(RC[-5]@@"uint8_t")@@EXACT(RC[-5]@@"int8_t"))@@8@@IF(OR(EXACT(RC[-5]@@"uint16_t")@@EXACT(RC[-5]@@"int16_t"))@@16@@IF(OR(EXACT(RC[-5]@@"uint32_t")@@EXACT(RC[-5]@@"int32_t")@@EXACT(RC[-5]@@"float"))@@32@@IF(EXACT(RC[-5]@@"double")@@64)))),NONE,,,,,,,,,
,SH.TI,uint32_t,,PACKET,=R[-1]C+INT((R[-1]C[1]+R[-1]C[2])/8),=MOD((R[-1]C+R[-1]C[1])@@8),=IF(OR(EXACT(RC[-5]@@"uint8_t")@@EXACT(RC[-5]@@"int8_t"))@@8@@IF(OR(EXACT(RC[-5]@@"uint16_t")@@EXACT(RC[-5]@@"int16_t"))@@16@@IF(OR(EXACT(RC[-5]@@"uint32_t")@@EXACT(RC[-5]@@"int32_t")@@EXACT(RC[-5]@@"float"))@@32@@IF(EXACT(RC[-5]@@"double")@@64)))),NONE,,,,,,,,,
,SH.TLM_ID,uint8_t,,PACKET,=R[-1]C+INT((R[-1]C[1]+R[-1]C[2])/8),=MOD((R[-1]C+R[-1]C[1])@@8),=IF(OR(EXACT(RC[-5]@@"uint8_t")@@EXACT(RC[-5]@@"int8_t"))@@8@@IF(OR(EXACT(RC[-5]@@"uint16_t")@@EXACT(RC[-5]@@"int16_t"))@@16@@IF(OR(EXACT(RC[-5]@@"uint32_t")@@EXACT(RC[-5]@@"int32_t")@@EXACT(RC[-5]@@"float"))@@32@@IF(EXACT(RC[-5]@@"double")@@64)))),HEX,,,,,,,,,
,SH.GLOBAL_TIME,double,,PACKET,=R[-1]C+INT((R[-1]C[1]+R[-1]C[2])/8),=MOD((R[-1]C+R[-1]C[1])@@8),=IF(OR(EXACT(RC[-5]@@"uint8_t")@@EXACT(RC[-5]@@"int8_t"))@@8@@IF(OR(EXACT(RC[-5]@@"uint16_t")@@EXACT(RC[-5]@@"int16_t"))@@16@@IF(OR(EXACT(RC[-5]@@"uint32_t")@@EXACT(RC[-5]@@"int32_t")@@EXACT(RC[-5]@@"float"))@@32@@IF(EXACT(RC[-5]@@"double")@@64)))),NONE,,,,,,,,,
,SH.ON_BOARD_SUBNET_TIME,uint32_t,,PACKET,=R[-1]C+INT((R[-1]C[1]+R[-1]C[2])/8),=MOD((R[-1]C+R[-1]C[1])@@8),=IF(OR(EXACT(RC[-5]@@"uint8_t")@@EXACT(RC[-5]@@"int8_t"))@@8@@IF(OR(EXACT(RC[-5]@@"uint16_t")@@EXACT(RC[-5]@@"int16_t"))@@16@@IF(OR(EXACT(RC[-5]@@"uint32_t")@@EXACT(RC[-5]@@"int32_t")@@EXACT(RC[-5]@@"float"))@@32@@IF(EXACT(RC[-5]@@"double")@@64)))),NONE,,,,,,,,,
,SH.DEST_FLAGS,uint8_t,,PACKET,=R[-1]C+INT((R[-1]C[1]+R[-1]C[2])/8),=MOD((R[-1]C+R[-1]C[1])@@8),=IF(OR(EXACT(RC[-5]@@"uint8_t")@@EXACT(RC[-5]@@"int8_t"))@@8@@IF(OR(EXACT(RC[-5]@@"uint16_t")@@EXACT(RC[-5]@@"int16_t"))@@16@@IF(OR(EXACT(RC[-5]@@"uint32_t")@@EXACT(RC[-5]@@"int32_t")@@EXACT(RC[-5]@@"float"))@@32@@IF(EXACT(RC[-5]@@"double")@@64)))),HEX,,,,,,,,,
,SH.DEST_INFO,uint8_t,,PACKET,=R[-1]C+INT((R[-1]C[1]+R[-1]C[2])/8),=MOD((R[-1]C+R[-1]C[1])@@8),=IF(OR(EXACT(RC[-5]@@"uint8_t")@@EXACT(RC[-5]@@"int8_t"))@@8@@IF(OR(EXACT(RC[-5]@@"uint16_t")@@EXACT(RC[-5]@@"int16_t"))@@16@@IF(OR(EXACT(RC[-5]@@"uint32_t")@@EXACT(RC[-5]@@"int32_t")@@EXACT(RC[-5]@@"float"))@@32@@IF(EXACT(RC[-5]@@"double")@@64)))),NONE,,,,,,,,,
,SCRUBBING_INTERVAL,uint32_t,(uint32_t)(ramecc_driver->info.scrubbing_interval),PACKET,=R[-1]C+INT((R[-1]C[1]+R[-1]C[2])/8),=MOD((R[-1]C+R[-1]C[1])@@8),=IF(OR(EXACT(RC[-5]@@"uint8_t")@@EXACT(RC[-5]@@"int8_t"))@@8@@IF(OR(EXACT(RC[-5]@@"uint16_t")@@EXACT(RC[-5]@@"int16_t"))@@16@@IF(OR(EXACT(RC[-5]@@"uint32_t")@@EXACT(RC[-5]@@"int32_t")@@EXACT(RC[-5]@@"float"))@@32@@IF(EXACT(RC[-5]@@"double")@@64)))),NONE,,,,,,,,,
,SCRUBBING_COUNT,uint32_t,(uint32_t)(ramecc_driver->info.scrubbing_loop),PACKET,=R[-1]C+INT((R[-1]C[1]+R[-1]C[2])/8),=MOD((R[-1]C+R[-1]C[1])@@8),=IF(OR(EXACT(RC[-5]@@"uint8_t")@@EXACT(RC[-5]@@"int8_t"))@@8@@IF(OR(EXACT(RC[-5]@@"uint16_t")@@EXACT(RC[-5]@@"int16_t"))@@16@@IF(OR(EXACT(RC[-5]@@"uint32_t")@@EXACT(RC[-5]@@"int32_t")@@EXACT(RC[-5]@@"float"))@@32@@IF(EXACT(RC[-5]@@"double")@@64)))),NONE,,,,,,,,,
,SINGLE_ERROR,uint32_t,(uint32_t)(ramecc_driver->info.single_error),PACKET,=R[-1]C+INT((R[-1]C[1]+R[-1]C[2])/8),=MOD((R[-1]C+R[-1]C[1])@@8),=IF(OR(EXACT(RC[-5]@@"uint8_t")@@EXACT(RC[-5]@@"int8_t"))@@8@@IF(OR(EXACT(RC[-5]@@"uint16_t")@@EXACT(RC[-5]@@"int16_t"))@@16@@IF(OR(EXACT(RC[-5]@@"uint32_t")@@EXACT(RC[-5]@@"int32_t")@@EXACT(RC[-5]@@"float"))@@32@@IF(EXACT(RC[-5]@@"double")@@64)))),NONE,,,,,,,,,
,DOUBLE_ERROR,uint32_t,(uint32_t)(ramecc_driver->info.double_error),PACKET,=R[-1]C+INT((R[-1]C[1]+R[-1]C[2])/8),=MOD((R[-1]C+R[-1]C[1])@@8),=IF(OR(EXACT(RC[-5]@@"uint8_t")@@EXACT(RC[-5]@@"int8_t"))@@8@@IF(OR(EXACT(RC[-5]@@"uint16_t")@@EXACT(RC[-5]@@"int16_t"))@@16@@IF(OR(EXACT(RC[-5]@@"uint32_t")@@EXACT(RC[-5]@@"int32_t")@@EXACT(RC[-5]@@"float"))@@32@@IF(EXACT(RC[-5]@@"double")@@64)))),NONE,,,,,,,,,
,DOUBLE_ERROR_ON_BYTE_WRITE,uint32_t,(uint32_t)(ramecc_driver->info.double_error_on_byte_write),PACKET,=R[-1]C+INT((R[-1]C[1]+R[-1]C[2])/8),=MOD((R[-1]C+R[-1]C[1])@@8),=IF(OR(EXACT(RC[-5]@@"uint8_t")@@EXACT(RC[-5]@@"int8_t"))@@8@@IF(OR(EXACT(RC[-5]@@"uint16_t")@@EXACT(RC[-5]@@"int16_t"))@@16@@IF(OR(EXACT(RC[-5]@@"uint32_t")@@EXACT(RC[-5]@@"int32_t")@@EXACT(RC[-5]@@"float"))@@32@@IF(EXACT(RC[-5]@@"double")@@64)))),NONE,,,,,,,,,
,DTCM_SINGLE_ERROR,uint32_t,(uint32_t)(ramecc_driver->info.dtcm_single_error),PACKET,=R[-1]C+INT((R[-1]C[1]+R[-1]C[2])/8),=MOD((R[-1]C+R[-1]C[1])@@8),=IF(OR(EXACT(RC[-5]@@"uint8_t")@@EXACT(RC[-5]@@"int8_t"))@@8@@IF(OR(EXACT(RC[-5]@@"uint16_t")@@EXACT(RC[-5]@@"int16_t"))@@16@@IF(OR(EXACT(RC[-5]@@"uint32_t")@@EXACT(RC[-5]@@"int32_t")@@EXACT(RC[-5]@@"float"))@@32@@IF(EXACT(RC[-5]@@"double")@@64)))),NONE,,,,,,,,,
,DTCM_DOUBLE_ERROR,uint32_t,(uint32_t)(ramecc_driver->info.dtcm_double_error),PACKET,=R[-1]C+INT((R[-1]C[1]+R[-1]C[2])/8),=MOD((R[-1]C+R[-1]C[1])@@8),=IF(OR(EXACT(RC[-5]@@"uint8_t")@@EXACT(RC[-5]@@"int8_t"))@@8@@IF(OR(EXACT(RC[-5]@@"uint16_t")@@EXACT(RC[-5]@@"int16_t"))@@16@@IF(OR(EXACT(RC[-5]@@"uint32_t")@@EXACT(RC[-5]@@"int32_t")@@EXACT(RC[-5]@@"float"))@@32@@IF(EXACT(RC[-5]@@"double")@@64)))),NONE,,,,,,,,,
,DTCM_DOUBLE_ERROR_ON_BYTE_WRITE,uint32_t,(uint32_t)(ramecc_driver->info.dtcm_double_error_on_byte_write),PACKET,=R[-1]C+INT((R[-1]C[1]+R[-1]C[2])/8),=MOD((R[-1]C+R[-1]C[1])@@8),=IF(OR(EXACT(RC[-5]@@"uint8_t")@@EXACT(RC[-5]@@"int8_t"))@@8@@IF(OR(EXACT(RC[-5]@@"uint16_t")@@EXACT(RC[-5]@@"int16_t"))@@16@@IF(OR(EXACT(RC[-5]@@"uint32_t")@@EXACT(RC[-5]@@"int32_t")@@EXACT(RC[-5]@@"float"))@@32@@IF(EXACT(RC[-5]@@"double")@@64)))),NONE,,,,,,,,,
,,,,,,,,,,,,,,,,,
,,,,,,,,,,,,,,,,,
,,,,,,,,,,,,,,,,,
,,,,,,,,,,,,,,,,,
,,,,,,,,,,,,,,,,,
,,,,,,,,,,,,,,,,,
,,,,,,,,,,,,,,,,,
,,,,,,,,,,,,,,,,,
,,,,,,,,,,,,,,,,,
,,,,,,,,,,,,,,,,,
,,,,,,,,,,,,,,,,,
,,,,,,,,,,,,,,,,,
,,,,,,,,,,,,,,,,,
,,,,,,,,,,,,,,,,,
,,,,,,,,,,,,,,,,,
,,,,,,,,,,,,,,,,,
,,,,,,,,,,,,,,,,,
,,,,,,,,,,,,,,,,,
,,,,,,,,,,,,,,,,,
,,,,,,,,,,,,,,,,,
,,,,,,,,,,,,,,,,,
,,,,,,,,,,,,,,,,,
,,,,,,,,,,,,,,,,,
,,,,,,,,,,,,,,,,,
,,,,,,,,,,,,,,,,,
,,,,,,,,,,,,,,,,,
,,,,,,,,,,,,,,,,,
,,,,,,,,,,,,,,,,,
,,,,,,,,,,,,,,,,,
,,,,,,,,,,,,,,,,,
,,,,,,,,,,,,,,,,,
,,,,,,,,,,,,,,,,,
,,,,,,,,,,,,,,,,,
,,,,,,,,,,,,,,,,,
,,,,,,,,,,,,,,,,,
,,,,,,,,,,,,,,,,,
,,,,,,,,,,,,,,,,,
,,,,,,,,,,,,,,,,,
,,,,,,,,,,,,,,,,,
,,,,,,,,,,,,,,,,,
,,,,,,,,,,,,,,,,,
,,,,,,,,,,,,,,,,,
,,,,,,,,,,,,,,,,,
,,,,,,,,,,,,,,,,,
,,,,,,,,,,,,,,,,,
,,,,,,,,,,,,,,,,,
,,,,,,,,,,,,,,,,,
,,,,,,,,,,,,,,,,,
,,,,,,,,,,,,,,,,,
,,,,,,,,,,,,,,,,,
,,,,,,,,,,,,,,,,,
,,,,,,,,,,,,,,,,,
,,,,,,,,,,,,,,,,,
,,,,,,,,,,,,,,,,,
,,,,,,,,,,,,,,,,,
,,,,,,,,,,,,,,,,,
,,,,,,,,,,,,,,,,,
,,,,,,,,,,,,,,,,,
,,,,,,,,,,,,,,,,,
,,,,,,,,,,,,,,,,,
,,,,,,,,,,,,,,,,,
,,,,,,,,,,,,,,,,,
,,,,,,,,,,,,,,,,,
,,,,,,,,,,,,,,,,,
,,,,,,,,,,,,,,,,,
,,,,,,,,,,,,,,,,,
,,,,,,,,,,,,,,,,,
,,,,,,,,,,,,,,,,,
,,,,,,,,,,,,,,,,,
,,,,,,,,,,,,,,,,,
,,,,,,,,,,,,,,,,,
,,,,,,,,,,,,,,,,,
,,,,,,,,,,,,,,,,,
,,,,,,,,,,,,,,,,,
,,,,,,,,,,,,,,,,,
,,,,,,,,,,,,,,,,,
,,,,,,,,,,,,,,,,,
,,,,,,,,,,,,,,,,,
,,,,,,,,,,,,,,,,,
,,,,,,,,,,,,,,,,,
,,,,,,,,,,,,,,,,,
,,,,,,,,,,,,,,,,,
,,,,,,,,,,,,,,,,,
,,,,,,,,,,,,,,,,,
,,,,,,,,,,,,,,,,,
,,,,,,,,,,,,,,,,,
,,,,,,,,,,,,,,,,,
,,,,,,,,,,,,,,,,,
,,,,,,,,,,,,,,,,,
,,,,,,,,,,,,,,,,,
,,,,,,,,,,,,,,,,,
,,,,,,,,,,,,,,,,,
,,,,,,,,,,,,,,,,,
,,,,,,,,,,,,,,,,,
,,,,,,,,,,,,,,,,,
,,,,,,,,,,,,,,,,,
,,,,,,,,,,,,,,,,,
,,,,,,,,,,,,,,,,,
,,,,,,,,,,,,,,,,,
,,,,,,,,,,,,,,,,,
,,,,,,,,,,,,,,,,,
,,,,,,,,,,,,,,,,,
,,,,,,,,,,,,,,,,,
,,,,,,,,,,,,,,,,,
,,,,,,,,,,,,,,,,,
,,,,,,,,,,,,,,,,,
,,,,,,,,,,,,,,,,,
,,,,,,,,,,,,,,,,,
,,,,,,,,,,,,,,,,,
,,,,,,,,,,,,,,,,,
,,,,,,,,,,,,,,,,,
,,,,,,,,,,,,,,,,,
,,,,,,,,,,,,,,,,,
,,,,,,,,,,,,,,,,,
,,,,,,,,,,,,,,,,,
,,,,,,,,,,,,,,,,,
,,,,,,,,,,,,,,,,,
,,,,,,,,,,,,,,,,,
,,,,,,,,,,,,,,,,,
,,,,,,,,,,,,,,,,,
,,,,,,,,,,,,,,,,,
,,,,,,,,,,,,,,,,,
,,,,,,,,,,,,,,,,,
,,,,,,,,,,,,,,,,,
,,,,,,,,,,,,,,,,,
,,,,,,,,,,,,,,,,,
,,,,,,,,,,,,,,,,,
,,,,,,,,,,,,,,,,,
,,,,,,,,,,,,,,,,,
,,,,,,,,,,,,,,,,,
,,,,,,,,,,,,,,,,,
,,,,,,,,,,,,,,,,,
,,,,,,,,,,,,,,,,,
,,,,,,,,,,,,,,,,,
,,,,,,,,,,,,,,,,,
,,,,,,,,,,,,,,,,,
,,,,,,,,,,,,,,,,,
,,,,,,,,,,,,,,,,,
,,,,,,,,,,,,,,,,,
,,,,,,,,,,,,,,,,,
,,,,,,,,,,,,,,,,,
,,,,,,,,,,,,,,,,,
,,,,,,,,,,,,,,,,,
,,,,,,,,,,,,,,,,,
,,,,,,,,,,,,,,,,,
,,,,,,,,,,,,,,,,,
,,,,,,,,,,,,,,,,,
,,,,,,,,,,,,,,,,,
,,,,,,,,,,,,,,,,,
,,,,,,,,,,,,,,,,,
,,,,,,,,,,,,,,,,,
,,,,,,,,,,,,,,,,,
,,,,,,,,,,,,,,,,,
,,,,,,,,,,,,,,,,,
,,,,,,,,,,,,,,,,,
,,,,,,,,,,,,,,,,,
,,,,,,,,,,,,,,,,,
,,,,,,,,,,,,,,,,,
,,,,,,,,,,,,,,,,,
,,,,,,,,,,,,,,,,,
,,,,,,,,,,,,,,,,,
,,,,,,,,,,,,,,,,,
,,,,,,,,,,,,,,,,,
,,,,,,,,,,,,,,,,,
,,,,,,,,,,,,,,,,,
,,,,,,,,,,,,,,,,,
,,,,,,,,,,,,,,,,,
,,,,,,,,,,,,,,,,,
,,,,,,,,,,,,,,,,,
,,,,,,,,,,,,,,,,,
,,,,,,,,,,,,,,,,,
,,,,,,,,,,,,,,,,,
,,,,,,,,,,,,,,,,,
,,,,,,,,,,,,,,,,,
,,,,,,,,,,,,,,,,,
,,,,,,,,,,,,,,,,,
,,,,,,,,,,,,,,,,,
,,,,,,,,,,,,,,,,,
,,,,,,,,,,,,,,,,,
,,,,,,,,,,,,,,,,,
,,,,,,,,,,,,,,,,,
,,,,,,,,,,,,,,,,,
,,,,,,,,,,,,,,,,,
,,,,,,,,,,,,,,,,,
,,,,,,,,,,,,,,,,,
,,,,,,,,,,,,,,,,,
,,,,,,,,,,,,,,,,,
,,,,,,,,,,,,,,,,,
,,,,,,,,,,,,,,,,,
,,,,,,,,,,,,,,,,,
,,,,,,,,,,,,,,,,,
,,,,,,,,,,,,,,,,,
,,,,,,,,,,,,,,,,,
,,,,,,,,,,,,,,,,,
,,,,,,,,,,,,,,,,,
,,,,,,,,,,,,,,,,,
,,,,,,,,,,,,,,,,,
,,,,,,,,,,,,,,,,,
,,,,,,,,,,,,,,,,,
,,,,,,,,,,,,,,,,,
,,,,,,,,,,,,,,,,,
,,,,,,,,,,,,,,,,,
,,,,,,,,,,,,,,,,,
,,,,,,,,,,,,,,,,,
,,,,,,,,,,,,,,,,,
,,,,,,,,,,,,,,,,,
,,,,,,,,,,,,,,,,,
,,,,,,,,,,,,,,,,,
,,,,,,,,,,,,,,,,,
,,,,,,,,,,,,,,,,,
,,,,,,,,,,,,,,,,,
,,,,,,,,,,,,,,,,,
,,,,,,,,,,,,,,,,,
,,,,,,,,,,,,,,,,,
,,,,,,,,,,,,,,,,,
,,,,,,,,,,,,,,,,,
,,,,,,,,,,,,,,,,,
,,,,,,,,,,,,,,,,,
,,,,,,,,,,,,,,,,,
,,,,,,,,,,,,,,,,,
,,,,,,,,,,,,,,,,,
,,,,,,,,,,,,,,,,,
,,,,,,,,,,,,,,,,,
,,,,,,,,,,,,,,,,,
,,,,,,,,,,,,,,,,,
,,,,,,,,,,,,,,,,,
,,,,,,,,,,,,,,,,,
,,,,,,,,,,,,,,,,,
,,,,,,,,,,,,,,,,,
,,,,,,,,,,,,,,,,,
,,,,,,,,,,,,,,,,,
,,,,,,,,,,,,,,,,,
,,,,,,,,,,,,,,,,,
,,,,,,,,,,,,,,,,,
,,,,,,,,,,,,,,,,,
,,,,,,,,,,,,,,,,,
,,,,,,,,,,,,,,,,,
,,,,,,,,,,,,,,,,,
,,,,,,,,,,,,,,,,,
,,,,,,,,,,,,,,,,,
,,,,,,,,,,,,,,,,,
,,,,,,,,,,,,,,,,,
,,,,,,,,,,,,,,,,,
,,,,,,,,,,,,,,,,,
,,,,,,,,,,,,,,,,,
,,,,,,,,,,,,,,,,,
,,,,,,,,,,,,,,,,,
,,,,,,,,,,,,,,,,,
,,,,,,,,,,,,,,,,,
,,,,,,,,,,,,,,,,,
,,,,,,,,,,,,,,,,,
,,,,,,,,,,,,,,,,,
,,,,,,,,,,,,,,,,,
,,,,,,,,,,,,,,,,,
,,,,,,,,,,,,,,,,,
,,,,,,,,,,,,,,,,,
,,,,,,,,,,,,,,,,,
,,,,,,,,,,,,,,,,,
,,,,,,,,,,,,,,,,,
,,,,,,,,,,,,,,,,,
,,,,,,,,,,,,,,,,,
,,,,,,,,,,,,,,,,,
,,,,,,,,,,,,,,,,,
,,,,,,,,,,,,,,,,,
,,,,,,,,,,,,,,,,,
,,,,,,,,,,,,,,,,,
,,,,,,,,,,,,,,,,,
,,,,,,,,,,,,,,,,,
,,,,,,,,,,,,,,,,,
,,,,,,,,,,,,,,,,,
,,,,,,,,,,,,,,,,,
,,,,,,,,,,,,,,,,,
,,,,,,,,,,,,,,,,,
,,,,,,,,,,,,,,,,,
,,,,,,,,,,,,,,,,,
,,,,,,,,,,,,,,,,,
,,,,,,,,,,,,,,,,,
,,,,,,,,,,,,,,,,,
,,,,,,,,,,,,,,,,,
,,,,,,,,,,,,,,,,,
,,,,,,,,,,,,,,,,,
,,,,,,,,,,,,,,,,,
,,,,,,,,,,,,,,,,,
,,,,,,,,,,,,,,,,,
,,,,,,,,,,,,,,,,,
,,,,,,,,,,,,,,,,,
,,,,,,,,,,,,,,,,,
,,,,,,,,,,,,,,,,,
,,,,,,,,,,,,,,,,,
,,,,,,,,,,,,,,,,,
,,,,,,,,,,,,,,,,,
,,,,,,,,,,,,,,,,,
,,,,,,,,,,,,,,,,,
,,,,,,,,,,,,,,,,,
,,,,,,,,,,,,,,,,,
,,,,,,,,,,,,,,,,,
,,,,,,,,,,,,,,,,,
,,,,,,,,,,,,,,,,,
,,,,,,,,,,,,,,,,,
,,,,,,,,,,,,,,,,,
,,,,,,,,,,,,,,,,,
,,,,,,,,,,,,,,,,,
,,,,,,,,,,,,,,,,,
,,,,,,,,,,,,,,,,,
,,,,,,,,,,,,,,,,,
,,,,,,,,,,,,,,,,,
,,,,,,,,,,,,,,,,,
,,,,,,,,,,,,,,,,,
,,,,,,,,,,,,,,,,,
,,,,,,,,,,,,,,,,,
,,,,,,,,,,,,,,,,,
,,,,,,,,,,,,,,,,,
,,,,,,,,,,,,,,,,,
,,,,,,,,,,,,,,,,,
,,,,,,,,,,,,,,,,,
,,,,,,,,,,,,,,,,,
,,,,,,,,,,,,,,,,,
,,,,,,,,,,,,,,,,,
,,,,,,,,,,,,,,,,,
,,,,,,,,,,,,,,,,,
,,,,,,,,,,,,,,,,,
,,,,,,,,,,,,,,,,,
,,,,,,,,,,,,,,,,,
,,,,,,,,,,,,,,,,,
,,,,,,,,,,,,,,,,,
,,,,,,,,,,,,,,,,,
,,,,,,,,,,,,,,,,,
,,,,,,,,,,,,,,,,,
,,,,,,,,,,,,,,,,,
,,,,,,,,,,,,,,,,,
,,,,,,,,,,,,,,,,,
,,,,,,,,,,,,,,,,,
,,,,,,,,,,,,,,,,,
,,,,,,,,,,,,,,,,,
,,,,,,,,,,,,,,,,,
,,,,,,,,,,,,,,,,,
,,,,,,,,,,,,,,,,,
,,,,,,,,,,,,,,,,,
,,,,,,,,,,,,,,,,,
,,,,,,,,,,,,,,,,,
,,,,,,,,,,,,,,,,,
,,,,,,,,,,,,,,,,,
,,,,,,,,,,,,,,,,,
,,,,,,,,,,,,,,,,,
,,,,,,,,,,,,,,,,,
,,,,,,,,,,,,,,,,,
,,,,,,,,,,,,,,,,,
,,,,,,,,,,,,,,,,,
,,,,,,,,,,,,,,,,,
,,,,,,,,,,,,,,,,,
,,,,,,,,,,,,,,,,,
,,,,,,,,,,,,,,,,,
,,,,,,,,,,,,,,,,,
,,,,,,,,,,,,,,,,,
,,,,,,,,,,,,,,,,,
,,,,,,,,,,,,,,,,,
,,,,,,,,,,,,,,,,,
,,,,,,,,,,,,,,,,,
,,,,,,,,,,,,,,,,,
,,,,,,,,,,,,,,,,,
,,,,,,,,,,,,,,,,,
,,,,,,,,,,,,,,,,,
,,,,,,,,,,,,,,,,,
,,,,,,,,,,,,,,,,,
,,,,,,,,,,,,,,,,,
,,,,,,,,,,,,,,,,,
,,,,,,,,,,,,,,,,,
,,,,,,,,,,,,,,,,,
,,,,,,,,,,,,,,,,,
,,,,,,,,,,,,,,,,,
,,,,,,,,,,,,,,,,,
,,,,,,,,,,,,,,,,,
,,,,,,,,,,,,,,,,,
,,,,,,,,,,,,,,,,,
,,,,,,,,,,,,,,,,,
,,,,,,,,,,,,,,,,,
,,,,,,,,,,,,,,,,,
,,,,,,,,,,,,,,,,,
,,,,,,,,,,,,,,,,,
,,,,,,,,,,,,,,,,,
,,,,,,,,,,,,,,,,,
,,,,,,,,,,,,,,,,,
,,,,,,,,,,,,,,,,,
,,,,,,,,,,,,,,,,,
,,,,,,,,,,,,,,,,,
,,,,,,,,,,,,,,,,,
,,,,,,,,,,,,,,,,,
,,,,,,,,,,,,,,,,,
,,,,,,,,,,,,,,,,,
,,,,,,,,,,,,,,,,,
,,,,,,,,,,,,,,,,,
,,,,,,,,,,,,,,,,,
,,,,,,,,,,,,,,,,,
,,,,,,,,,,,,,,,,,
,,,,,,,,,,,,,,,,,
,,,,,,,,,,,,,,,,,
,,,,,,,,,,,,,,,,,
,,,,,,,,,,,,,,,,,
,,,,,,,,,,,,,,,,,
,,,,,,,,,,,,,,,,,
,,,,,,,,,,,,,,,,,
,,,,,,,,,,,,,,,,,
,,,,,,,,,,,,,,,,,
,,,,,,,,,,,,,,,,,
,,,,,,,,,,,,,,,,,
,,,,,,,,,,,,,,,,,
,,,,,,,,,,,,,,,,,
,,,,,,,,,,,,,,,,,
,,,,,,,,,,,,,,,,,
,,,,,,,,,,,,,,,,,
,,,,,,,,,,,,,,,,,
,,,,,,,,,,,,,,,,,
,,,,,,,,,,,,,,,,,
,,,,,,,,,,,,,,,,,
,,,,,,,,,,,,,,,,,
,,,,,,,,,,,,,,,,,
,,,,,,,,,,,,,,,,,
,,,,,,,,,,,,,,,,,
,,,,,,,,,,,,,,,,,
,,,,,,,,,,,,,,,,,
,,,,,,,,,,,,,,,,,
,,,,,,,,,,,,,,,,,
,,,,,,,,,,,,,,,,,
,,,,,,,,,,,,,,,,,
,,,,,,,,,,,,,,,,,
,,,,,,,,,,,,,,,,,
,,,,,,,,,,,,,,,,,
,,,,,,,,,,,,,,,,,
,,,,,,,,,,,,,,,,,
,,,,,,,,,,,,,,,,,
,,,,,,,,,,,,,,,,,
,,,,,,,,,,,,,,,,,
,,,,,,,,,,,,,,,,,
,,,,,,,,,,,,,,,,,
,,,,,,,,,,,,,,,,,
,,,,,,,,,,,,,,,,,
,,,,,,,,,,,,,,,,,
,,,,,,,,,,,,,,,,,
,,,,,,,,,,,,,,,,,
,,,,,,,,,,,,,,,,,
,,,,,,,,,,,,,,,,,
,,,,,,,,,,,,,,,,,
,,,,,,,,,,,,,,,,,
,,,,,,,,,,,,,,,,,
,,,,,,,,,,,,,,,,,
,,,,,,,,,,,,,,,,,
,,,,,,,,,,,,,,,,,
,,,,,,,,,,,,,,,,,
,,,,,,,,,,,,,,,,,
,,,,,,,,,,,,,,,,,
,,,,,,,,,,,,,,,,,
,,,,,,,,,,,,,,,,,
,,,,,,,,,,,,,,,,,
,,,,,,,,,,,,,,,,,
,,,,,,,,,,,,,,,,,
,,,,,,,,,,,,,,,,,
,,,,,,,,,,,,,,,,,
,,,,,,,,,,,,,,,,,
,,,,,,,,,,,,,,,,,
,,,,,,,,,,,,,,,,,
,,,,,,,,,,,,,,,,,
,,,,,,,,,,,,,,,,,
,,,,,,,,,,,,,,,,,
,,,,,,,,,,,,,,,,,
,,,,,,,,,,,,,,,,,
,,,,,,,,,,,,,,,,,
,,,,,,,,,,,,,,,,,
,,,,,,,,,,,,,,,,,
,,,,,,,,,,,,,,,,,
,,,,,,,,,,,,,,,,,
